{"cameraMode":{"drawMode":0,"name":"Shaded","section":"Shading Mode"},"sceneLighting":false,"audioPlay":false,"sceneViewState":{"m_AlwaysRefresh":false,"showFog":true,"showSkybox":false,"showFlares":true,"showImageEffects":true,"showParticleSystems":true,"showVisualEffectGraphs":true,"m_FxEnabled":true},"in2DMode":false,"pivot":{"x":-1.4604679346084595,"y":-6.8629655838012699,"z":11.270073890686036},"rotation":{"x":0.3009793162345886,"y":-0.05860324203968048,"z":0.018533602356910707,"w":0.9516698122024536},"size":7.322432518005371,"orthographic":false}