{"cameraMode":{"drawMode":0,"name":"Shaded","section":"Shading Mode"},"sceneLighting":true,"audioPlay":false,"sceneViewState":{"m_AlwaysRefresh":false,"showFog":true,"showSkybox":true,"showFlares":true,"showImageEffects":true,"showParticleSystems":true,"showVisualEffectGraphs":true,"m_FxEnabled":true},"in2DMode":false,"pivot":{"x":11.881523132324219,"y":-2.9979662895202638,"z":4.574594974517822},"rotation":{"x":-0.11352692544460297,"y":-0.7718533873558044,"z":0.14456550776958466,"w":-0.6091153621673584},"size":10.357969284057618,"orthographic":false}