{"cameraMode":{"drawMode":0,"name":"Shaded","section":"Shading Mode"},"sceneLighting":true,"audioPlay":false,"sceneViewState":{"m_AlwaysRefresh":false,"showFog":true,"showSkybox":true,"showFlares":true,"showImageEffects":true,"showParticleSystems":true,"showVisualEffectGraphs":true,"m_FxEnabled":true},"in2DMode":false,"pivot":{"x":-0.1416645050048828,"y":-5.606161594390869,"z":-21.661205291748048},"rotation":{"x":0.14582259953022004,"y":-0.8429511785507202,"z":0.28338029980659487,"w":0.4337507486343384},"size":14.434476852416993,"orthographic":false}