{"cameraMode":{"drawMode":0,"name":"Shaded","section":"Shading Mode"},"sceneLighting":false,"audioPlay":false,"sceneViewState":{"m_AlwaysRefresh":false,"showFog":true,"showSkybox":false,"showFlares":true,"showImageEffects":true,"showParticleSystems":true,"showVisualEffectGraphs":true,"m_FxEnabled":true},"in2DMode":false,"pivot":{"x":-2.7243568897247316,"y":1.0352916717529297,"z":-11.041348457336426},"rotation":{"x":0.008477161638438702,"y":-0.9503650665283203,"z":0.02595815435051918,"w":0.3099842071533203},"size":3.0124354362487795,"orthographic":false}