{"cameraMode":{"drawMode":0,"name":"Shaded","section":"Shading Mode"},"sceneLighting":false,"audioPlay":false,"sceneViewState":{"m_AlwaysRefresh":false,"showFog":true,"showSkybox":false,"showFlares":true,"showImageEffects":true,"showParticleSystems":true,"showVisualEffectGraphs":true,"m_FxEnabled":true},"in2DMode":false,"pivot":{"x":-17.072389602661134,"y":0.3820847272872925,"z":-20.032535552978517},"rotation":{"x":0.07504469156265259,"y":-0.6764309406280518,"z":0.06936171650886536,"w":0.7300610542297363},"size":2.6518430709838869,"orthographic":false}